{
  "config": {
    "clients": 1000,
    "connect_rate": 100.0,
    "direct_ratio": 0.5,
    "drain_ms": 30000,
    "duration_s": 120,
    "elapsed_s": 189.994826966,
    "group_ratio": 0.5,
    "host": "127.0.0.1",
    "manifest": "tools/mixed_load_manifest_1000.json",
    "max_inflight_per_client": 64,
    "payload_bytes": 64,
    "port": 8080,
    "request_timeout_ms": 15000,
    "total_qps": 200.0,
    "warmup_s": 30
  },
  "connections": {
    "attempted": 1000,
    "connect_fail": 0,
    "connect_ok": 1000,
    "connect_timeout": 0,
    "login_error_codes": {},
    "login_fail": 0,
    "login_ok": 1000,
    "login_timeout": 0,
    "parse_fail": 0,
    "ready_at_load_end": 1000,
    "ready_at_load_start": 1000,
    "ready_peak": 1000,
    "setup_success_rate": 1.0,
    "socket_errors": 0,
    "survival_rate": 1.0,
    "unexpected_close": 0
  },
  "direct": {
    "delivered": 12026,
    "push_delivery_ratio": 1.0,
    "push_recv": 12026,
    "queued_offline": 0,
    "requests": {
      "aborted": 0,
      "attempted": 12026,
      "error_total": 0,
      "late_response": 0,
      "latency_ms": {
        "avg": 10.523164991850994,
        "max": 90.741364,
        "min": 4.86709,
        "p50": 8.1730995,
        "p90": 16.745025499999997,
        "p95": 24.707921,
        "p99": 41.111388,
        "p999": 77.6724980000001,
        "samples": 12026
      },
      "ok": 12026,
      "ok_qps": 100.21666666666667,
      "queued": 12026,
      "queued_qps": 100.21666666666667,
      "server_error": 0,
      "success_rate": 1.0,
      "timeout": 0,
      "warmup": {
        "error": 0,
        "ok": 2966,
        "queued": 2966
      }
    },
    "server_push_failed": 0,
    "server_push_sent": 12026
  },
  "error_codes": {},
  "group": {
    "fanout_closed": 0,
    "fanout_dropped": 0,
    "fanout_overloaded": 0,
    "fanout_sent": 586726,
    "push_delivery_ratio": 1.000167028561884,
    "push_recv": 586824,
    "requests": {
      "aborted": 0,
      "attempted": 11974,
      "error_total": 0,
      "late_response": 0,
      "latency_ms": {
        "avg": 10.893741541005484,
        "max": 160.193778,
        "min": 2.917844,
        "p50": 6.074896,
        "p90": 21.220288700000015,
        "p95": 33.62643910000004,
        "p99": 67.61314788000026,
        "p999": 130.495791911,
        "samples": 11974
      },
      "ok": 11974,
      "ok_qps": 99.78333333333333,
      "queued": 11974,
      "queued_qps": 99.78333333333333,
      "server_error": 0,
      "success_rate": 1.0,
      "timeout": 0,
      "warmup": {
        "error": 0,
        "ok": 3034,
        "queued": 3034
      }
    }
  },
  "heartbeat": {
    "ping_recv": 3000,
    "pong_fail": 0,
    "pong_queued": 3000,
    "pong_sent": 3000
  },
  "interrupted": false,
  "passed": true,
  "process": {
    "load_generator": {
      "cpu_percent": 12.595079761978113,
      "fd_end": 7,
      "fd_peak": 1007,
      "fd_start": 7,
      "rss_end_kb": 10156,
      "rss_peak_kb": 10156,
      "rss_start_kb": 9096,
      "sampled": true,
      "threads_end": 1,
      "threads_peak": 1,
      "threads_start": 1
    },
    "server": {
      "cpu_percent": 20.053177556680573,
      "fd_end": 44,
      "fd_peak": 1038,
      "fd_start": 38,
      "rss_end_kb": 18944,
      "rss_peak_kb": 18944,
      "rss_start_kb": 18944,
      "sampled": true,
      "threads_end": 12,
      "threads_peak": 12,
      "threads_start": 12
    }
  },
  "run_id": "43180-1784290574267",
  "scheduler": {
    "lag_events": 2,
    "peak_inflight": 22,
    "throttled": 0,
    "unmatched_response": 0
  },
  "timestamp": "2026-07-17 20:19:24",
  "traffic": {
    "bytes_recv": 255215687,
    "bytes_sent": 5309168,
    "recv_mib_per_s": 1.281048803920499,
    "send_mib_per_s": 0.02664923694997239
  }
}
