{
  "config": {
    "clients": 1000,
    "connect_rate": 100.0,
    "direct_ratio": 0.5,
    "drain_ms": 30000,
    "duration_s": 120,
    "elapsed_s": 189.995313257,
    "group_ratio": 0.5,
    "host": "127.0.0.1",
    "manifest": "tools/mixed_load_manifest_1000.json",
    "max_inflight_per_client": 64,
    "payload_bytes": 64,
    "port": 8080,
    "request_timeout_ms": 15000,
    "total_qps": 150.0,
    "warmup_s": 30
  },
  "connections": {
    "attempted": 1000,
    "connect_fail": 0,
    "connect_ok": 1000,
    "connect_timeout": 0,
    "login_error_codes": {},
    "login_fail": 0,
    "login_ok": 1000,
    "login_timeout": 0,
    "parse_fail": 0,
    "ready_at_load_end": 1000,
    "ready_at_load_start": 1000,
    "ready_peak": 1000,
    "setup_success_rate": 1.0,
    "socket_errors": 0,
    "survival_rate": 1.0,
    "unexpected_close": 0
  },
  "direct": {
    "delivered": 8934,
    "push_delivery_ratio": 1.0002238638907543,
    "push_recv": 8936,
    "queued_offline": 0,
    "requests": {
      "aborted": 0,
      "attempted": 8934,
      "error_total": 0,
      "late_response": 0,
      "latency_ms": {
        "avg": 9.429336906872651,
        "max": 154.744433,
        "min": 4.951027,
        "p50": 7.3761054999999995,
        "p90": 11.618931499999999,
        "p95": 20.63102980000002,
        "p99": 45.18347306000007,
        "p999": 132.55834122399986,
        "samples": 8934
      },
      "ok": 8934,
      "ok_qps": 74.45,
      "queued": 8934,
      "queued_qps": 74.45,
      "server_error": 0,
      "success_rate": 1.0,
      "timeout": 0,
      "warmup": {
        "error": 0,
        "ok": 2263,
        "queued": 2263
      }
    },
    "server_push_failed": 0,
    "server_push_sent": 8934
  },
  "error_codes": {},
  "group": {
    "fanout_closed": 0,
    "fanout_dropped": 0,
    "fanout_overloaded": 0,
    "fanout_sent": 444234,
    "push_delivery_ratio": 1.0,
    "push_recv": 444234,
    "requests": {
      "aborted": 0,
      "attempted": 9066,
      "error_total": 0,
      "late_response": 0,
      "latency_ms": {
        "avg": 8.309709412861238,
        "max": 272.734395,
        "min": 2.890299,
        "p50": 4.7211479999999995,
        "p90": 10.0498115,
        "p95": 24.799905,
        "p99": 72.52813545000006,
        "p999": 252.74286996999982,
        "samples": 9066
      },
      "ok": 9066,
      "ok_qps": 75.55,
      "queued": 9066,
      "queued_qps": 75.55,
      "server_error": 0,
      "success_rate": 1.0,
      "timeout": 0,
      "warmup": {
        "error": 0,
        "ok": 2238,
        "queued": 2238
      }
    }
  },
  "heartbeat": {
    "ping_recv": 3001,
    "pong_fail": 0,
    "pong_queued": 3001,
    "pong_sent": 3001
  },
  "interrupted": false,
  "passed": true,
  "process": {
    "load_generator": {
      "cpu_percent": 8.289678166269042,
      "fd_end": 7,
      "fd_peak": 1007,
      "fd_start": 7,
      "rss_end_kb": 9644,
      "rss_peak_kb": 9644,
      "rss_start_kb": 9096,
      "sampled": true,
      "threads_end": 1,
      "threads_peak": 1,
      "threads_start": 1
    },
    "server": {
      "cpu_percent": 16.363561535828858,
      "fd_end": 38,
      "fd_peak": 1038,
      "fd_start": 38,
      "rss_end_kb": 18944,
      "rss_peak_kb": 18944,
      "rss_start_kb": 18816,
      "sampled": true,
      "threads_end": 12,
      "threads_peak": 12,
      "threads_start": 12
    }
  },
  "run_id": "42659-1784290364239",
  "scheduler": {
    "lag_events": 0,
    "peak_inflight": 32,
    "throttled": 0,
    "unmatched_response": 0
  },
  "timestamp": "2026-07-17 20:15:54",
  "traffic": {
    "bytes_recv": 192255140,
    "bytes_sent": 4016554,
    "recv_mib_per_s": 0.9650174315988438,
    "send_mib_per_s": 0.020160941470579473
  }
}
