{
  "config": {
    "clients": 1000,
    "connect_rate": 100.0,
    "direct_ratio": 0.5,
    "drain_ms": 30000,
    "duration_s": 120,
    "elapsed_s": 189.993147312,
    "group_ratio": 0.5,
    "host": "127.0.0.1",
    "manifest": "tools/mixed_load_manifest_1000.json",
    "max_inflight_per_client": 64,
    "payload_bytes": 64,
    "port": 8080,
    "request_timeout_ms": 15000,
    "total_qps": 100.0,
    "warmup_s": 30
  },
  "connections": {
    "attempted": 1000,
    "connect_fail": 0,
    "connect_ok": 1000,
    "connect_timeout": 0,
    "login_error_codes": {},
    "login_fail": 0,
    "login_ok": 1000,
    "login_timeout": 0,
    "parse_fail": 0,
    "ready_at_load_end": 1000,
    "ready_at_load_start": 1000,
    "ready_peak": 1000,
    "setup_success_rate": 1.0,
    "socket_errors": 0,
    "survival_rate": 1.0,
    "unexpected_close": 0
  },
  "direct": {
    "delivered": 6104,
    "push_delivery_ratio": 1.0,
    "push_recv": 6104,
    "queued_offline": 0,
    "requests": {
      "aborted": 0,
      "attempted": 6104,
      "error_total": 0,
      "late_response": 0,
      "latency_ms": {
        "avg": 7.9164475856815235,
        "max": 42.574886,
        "min": 4.775681,
        "p50": 7.3120905,
        "p90": 8.611037300000001,
        "p95": 10.149764799999975,
        "p99": 25.80836302000005,
        "p999": 36.39770367799999,
        "samples": 6104
      },
      "ok": 6104,
      "ok_qps": 50.86666666666667,
      "queued": 6104,
      "queued_qps": 50.86666666666667,
      "server_error": 0,
      "success_rate": 1.0,
      "timeout": 0,
      "warmup": {
        "error": 0,
        "ok": 1474,
        "queued": 1474
      }
    },
    "server_push_failed": 0,
    "server_push_sent": 6104
  },
  "error_codes": {},
  "group": {
    "fanout_closed": 0,
    "fanout_dropped": 0,
    "fanout_overloaded": 0,
    "fanout_sent": 288904,
    "push_delivery_ratio": 1.0,
    "push_recv": 288904,
    "requests": {
      "aborted": 0,
      "attempted": 5896,
      "error_total": 0,
      "late_response": 0,
      "latency_ms": {
        "avg": 5.3941313655020275,
        "max": 53.322985,
        "min": 3.078309,
        "p50": 4.7090115,
        "p90": 5.701191,
        "p95": 6.68848275,
        "p99": 29.574834100000036,
        "p999": 42.874357334999225,
        "samples": 5896
      },
      "ok": 5896,
      "ok_qps": 49.13333333333333,
      "queued": 5896,
      "queued_qps": 49.13333333333333,
      "server_error": 0,
      "success_rate": 1.0,
      "timeout": 0,
      "warmup": {
        "error": 0,
        "ok": 1526,
        "queued": 1526
      }
    }
  },
  "heartbeat": {
    "ping_recv": 3000,
    "pong_fail": 0,
    "pong_queued": 3000,
    "pong_sent": 3000
  },
  "interrupted": false,
  "passed": true,
  "process": {
    "load_generator": {
      "cpu_percent": 5.589675285793446,
      "fd_end": 7,
      "fd_peak": 1007,
      "fd_start": 7,
      "rss_end_kb": 9508,
      "rss_peak_kb": 9508,
      "rss_start_kb": 9088,
      "sampled": true,
      "threads_end": 1,
      "threads_peak": 1,
      "threads_start": 1
    },
    "server": {
      "cpu_percent": 11.231984048854251,
      "fd_end": 38,
      "fd_peak": 1038,
      "fd_start": 38,
      "rss_end_kb": 18816,
      "rss_peak_kb": 18816,
      "rss_start_kb": 18816,
      "sampled": true,
      "threads_end": 12,
      "threads_peak": 12,
      "threads_start": 12
    }
  },
  "run_id": "42163-1784290154214",
  "scheduler": {
    "lag_events": 0,
    "peak_inflight": 6,
    "throttled": 0,
    "unmatched_response": 0
  },
  "timestamp": "2026-07-17 20:12:24",
  "traffic": {
    "bytes_recv": 126456759,
    "bytes_sent": 2719862,
    "recv_mib_per_s": 0.6347521734361936,
    "send_mib_per_s": 0.013652400469527393
  }
}
