{
  "config": {
    "clients": 1000,
    "connect_rate": 100.0,
    "direct_ratio": 0.5,
    "drain_ms": 30000,
    "duration_s": 120,
    "elapsed_s": 189.995534542,
    "group_ratio": 0.5,
    "host": "127.0.0.1",
    "manifest": "tools/mixed_load_manifest_1000.json",
    "max_inflight_per_client": 64,
    "payload_bytes": 64,
    "port": 8080,
    "request_timeout_ms": 15000,
    "total_qps": 250.0,
    "warmup_s": 30
  },
  "connections": {
    "attempted": 1000,
    "connect_fail": 0,
    "connect_ok": 1000,
    "connect_timeout": 0,
    "login_error_codes": {},
    "login_fail": 0,
    "login_ok": 1000,
    "login_timeout": 0,
    "parse_fail": 0,
    "ready_at_load_end": 1000,
    "ready_at_load_start": 1000,
    "ready_peak": 1000,
    "setup_success_rate": 1.0,
    "socket_errors": 0,
    "survival_rate": 1.0,
    "unexpected_close": 0
  },
  "direct": {
    "delivered": 14954,
    "push_delivery_ratio": 1.0001337434800053,
    "push_recv": 14956,
    "queued_offline": 0,
    "requests": {
      "aborted": 0,
      "attempted": 14954,
      "error_total": 0,
      "late_response": 0,
      "latency_ms": {
        "avg": 36.86524276334096,
        "max": 301.282498,
        "min": 5.062879,
        "p50": 20.032037000000003,
        "p90": 82.6086136,
        "p95": 136.86440879999995,
        "p99": 245.54490717999977,
        "p999": 292.461996121,
        "samples": 14954
      },
      "ok": 14954,
      "ok_qps": 124.61666666666666,
      "queued": 14954,
      "queued_qps": 124.61666666666666,
      "server_error": 0,
      "success_rate": 1.0,
      "timeout": 0,
      "warmup": {
        "error": 0,
        "ok": 3850,
        "queued": 3850
      }
    },
    "server_push_failed": 0,
    "server_push_sent": 14954
  },
  "error_codes": {},
  "group": {
    "fanout_closed": 0,
    "fanout_dropped": 0,
    "fanout_overloaded": 0,
    "fanout_sent": 737254,
    "push_delivery_ratio": 1.0003323142363418,
    "push_recv": 737499,
    "requests": {
      "aborted": 0,
      "attempted": 15046,
      "error_total": 0,
      "late_response": 0,
      "latency_ms": {
        "avg": 64.10262436155801,
        "max": 570.34972,
        "min": 2.99141,
        "p50": 29.501251500000002,
        "p90": 152.343878,
        "p95": 266.7709775,
        "p99": 472.95577464999997,
        "p999": 558.8421605099999,
        "samples": 15046
      },
      "ok": 15046,
      "ok_qps": 125.38333333333334,
      "queued": 15046,
      "queued_qps": 125.38333333333334,
      "server_error": 0,
      "success_rate": 1.0,
      "timeout": 0,
      "warmup": {
        "error": 0,
        "ok": 3650,
        "queued": 3650
      }
    }
  },
  "heartbeat": {
    "ping_recv": 3000,
    "pong_fail": 0,
    "pong_queued": 3000,
    "pong_sent": 3000
  },
  "interrupted": false,
  "passed": true,
  "process": {
    "load_generator": {
      "cpu_percent": 15.9951127658119,
      "fd_end": 7,
      "fd_peak": 1007,
      "fd_start": 7,
      "rss_end_kb": 11176,
      "rss_peak_kb": 11176,
      "rss_start_kb": 9092,
      "sampled": true,
      "threads_end": 1,
      "threads_peak": 1,
      "threads_start": 1
    },
    "server": {
      "cpu_percent": 23.89529843921883,
      "fd_end": 38,
      "fd_peak": 1038,
      "fd_start": 38,
      "rss_end_kb": 19584,
      "rss_peak_kb": 19584,
      "rss_start_kb": 18944,
      "sampled": true,
      "threads_end": 12,
      "threads_peak": 12,
      "threads_start": 12
    }
  },
  "run_id": "43680-1784290784296",
  "scheduler": {
    "lag_events": 9,
    "peak_inflight": 106,
    "throttled": 0,
    "unmatched_response": 0
  },
  "timestamp": "2026-07-17 20:22:54",
  "traffic": {
    "bytes_recv": 317929484,
    "bytes_sent": 6601616,
    "recv_mib_per_s": 1.5958332076066073,
    "send_mib_per_s": 0.03313652418807153
  }
}
