{
  "config": {
    "allow_account_reuse": false,
    "allow_partial_ready": false,
    "clients_requested": 100,
    "credential_count": 100,
    "drain_ms": 20000,
    "duration_s": 60,
    "elapsed_s": 93.379478162,
    "fanout_settle_ms": 2000,
    "group_id": "G202810048768905217",
    "host": "127.0.0.1",
    "max_inflight_per_client": 128,
    "payload_bytes": 64,
    "port": 8080,
    "rate_per_client": 5.0,
    "request_timeout_ms": 15000,
    "target_qps": 500.0,
    "unique_account_count": 100,
    "warmup_s": 10
  },
  "connections": {
    "connect_fail": 0,
    "connect_ok": 100,
    "group_check_fail": 0,
    "group_check_ok": 100,
    "login_fail": 0,
    "login_ok": 100,
    "ready": 100,
    "recv_fail": 0,
    "worker_exceptions": 0
  },
  "fanout": {
    "other_push_recv": 0,
    "push_delivery_ratio": 1.0,
    "push_recv": 2458764,
    "push_vs_theoretical_ratio": 1.0,
    "server_reported_attempted": 2458764,
    "server_reported_closed": 0,
    "server_reported_dropped": 0,
    "server_reported_failed": 0,
    "server_reported_no_such_connection": 0,
    "server_reported_overloaded": 0,
    "server_reported_sent": 2458764,
    "target_coverage_ratio": 1.0,
    "theoretical_fanout": 2458764
  },
  "latency_ms": {
    "avg": 2394.5754120049105,
    "max": 2837.57318,
    "min": 2089.678979,
    "p50": 2394.1500385,
    "p90": 2559.3738075,
    "p95": 2615.868628,
    "p99": 2724.7278015500005,
    "p999": 2815.158007585,
    "samples": 24836
  },
  "persistence_ms": {
    "queue_wait": {
      "avg": 2384.8716324690013,
      "max": 2822.409,
      "min": 2085.854,
      "p50": 2385.5294999999996,
      "p90": 2547.5235000000002,
      "p95": 2599.69925,
      "p99": 2714.457300000001,
      "p999": 2789.6547650000016,
      "samples": 24836
    },
    "sql_transaction": {
      "avg": 2.407172169431492,
      "max": 20.297,
      "min": 1.283,
      "p50": 2.306,
      "p90": 2.8594999999999997,
      "p95": 3.144,
      "p99": 4.734050000000025,
      "p999": 10.399735000000051,
      "samples": 24836
    }
  },
  "process": {
    "load_generator": {
      "cpu_percent": 79.73333333333333,
      "pid": 23365,
      "rss_end_kb": 17368,
      "rss_peak_kb": 17368,
      "rss_start_kb": 16344
    },
    "server": {
      "cpu_percent": 0.0,
      "pid": 20542,
      "rss_end_kb": 0,
      "rss_peak_kb": 0,
      "rss_start_kb": 0,
      "sampled": false
    }
  },
  "quality_gate": {
    "all_clients_ready": true,
    "fanout_target_coverage_ge_99pct": true,
    "no_fanout_drop": true,
    "no_server_errors": false,
    "no_timeouts": true,
    "no_transport_errors": true,
    "push_delivery_ge_99pct": true,
    "request_success_ge_99_9pct": false
  },
  "requests": {
    "attempted": 30000,
    "error_codes": {
      "31": 5164
    },
    "error_total": 5164,
    "inflight_throttled": 0,
    "late_response": 0,
    "parse_fail": 0,
    "peak_inflight": 15,
    "response_ok": 24836,
    "schedule_lag_events": 0,
    "send_fail": 0,
    "sent": 30000,
    "server_error_response": 5164,
    "success_rate": 0.8278666666666666,
    "timeout": 0,
    "transport_error_total": 0,
    "unmatched_response": 0
  },
  "run_id": "23365-1784271847606",
  "schema_version": 2,
  "throughput": {
    "attempted_qps": 500.0,
    "ok_qps": 413.93333333333334,
    "push_qps": 40979.4,
    "sent_qps": 500.0,
    "total_events_qps": 41393.333333333336
  },
  "timestamp": "2026-07-17 15:05:40",
  "traffic": {
    "app_bytes_recv_measured": 832606242,
    "app_bytes_recv_total": 990903971,
    "app_bytes_sent_measured": 5540600,
    "app_bytes_sent_total": 6454200,
    "recv_mib_per_s": 13.233919811248779,
    "send_mib_per_s": 0.08806546529134114
  },
  "warmup": {
    "error": 272,
    "push_recv": 468072,
    "response_ok": 4728,
    "sent": 5000,
    "timeout": 0
  },
  "warnings": []
}
