{
  "config": {
    "allow_account_reuse": false,
    "allow_partial_ready": false,
    "clients_requested": 100,
    "credential_count": 100,
    "drain_ms": 15000,
    "duration_s": 60,
    "elapsed_s": 88.417672491,
    "fanout_settle_ms": 2000,
    "group_id": "G202810048768905217",
    "host": "127.0.0.1",
    "max_inflight_per_client": 64,
    "payload_bytes": 1024,
    "port": 8080,
    "rate_per_client": 2.0,
    "request_timeout_ms": 10000,
    "target_qps": 200.0,
    "unique_account_count": 100,
    "warmup_s": 10
  },
  "connections": {
    "connect_fail": 0,
    "connect_ok": 100,
    "group_check_fail": 0,
    "group_check_ok": 100,
    "login_fail": 0,
    "login_ok": 100,
    "ready": 100,
    "recv_fail": 0,
    "worker_exceptions": 0
  },
  "fanout": {
    "other_push_recv": 0,
    "push_delivery_ratio": 1.0,
    "push_recv": 1188000,
    "push_vs_theoretical_ratio": 1.0,
    "server_reported_attempted": 1188000,
    "server_reported_closed": 0,
    "server_reported_dropped": 0,
    "server_reported_failed": 0,
    "server_reported_no_such_connection": 0,
    "server_reported_overloaded": 0,
    "server_reported_sent": 1188000,
    "target_coverage_ratio": 1.0,
    "theoretical_fanout": 1188000
  },
  "latency_ms": {
    "avg": 129.24150620908335,
    "max": 345.73801,
    "min": 12.803279,
    "p50": 124.593097,
    "p90": 232.9974458,
    "p95": 247.8364066499999,
    "p99": 271.20953864,
    "p999": 321.86707196200024,
    "samples": 12000
  },
  "persistence_ms": {
    "queue_wait": {
      "avg": 118.14680541666687,
      "max": 326.504,
      "min": 0.013,
      "p50": 113.993,
      "p90": 217.2041,
      "p95": 231.72539999999998,
      "p99": 254.37088000000003,
      "p999": 299.6508520000004,
      "samples": 12000
    },
    "sql_transaction": {
      "avg": 2.5326445833333238,
      "max": 17.747,
      "min": 1.343,
      "p50": 2.39,
      "p90": 2.993,
      "p95": 3.375,
      "p99": 6.396290000000006,
      "p999": 12.687264000000054,
      "samples": 12000
    }
  },
  "process": {
    "load_generator": {
      "cpu_percent": 54.61666666666667,
      "pid": 23867,
      "rss_end_kb": 17240,
      "rss_peak_kb": 17240,
      "rss_start_kb": 16600
    },
    "server": {
      "cpu_percent": 0.0,
      "pid": 20542,
      "rss_end_kb": 0,
      "rss_peak_kb": 0,
      "rss_start_kb": 0,
      "sampled": false
    }
  },
  "quality_gate": {
    "all_clients_ready": true,
    "fanout_target_coverage_ge_99pct": true,
    "no_fanout_drop": true,
    "no_server_errors": true,
    "no_timeouts": true,
    "no_transport_errors": true,
    "push_delivery_ge_99pct": true,
    "request_success_ge_99_9pct": true
  },
  "requests": {
    "attempted": 12000,
    "error_codes": {},
    "error_total": 0,
    "inflight_throttled": 0,
    "late_response": 0,
    "parse_fail": 0,
    "peak_inflight": 1,
    "response_ok": 12000,
    "schedule_lag_events": 0,
    "send_fail": 0,
    "sent": 12000,
    "server_error_response": 0,
    "success_rate": 1.0,
    "timeout": 0,
    "transport_error_total": 0,
    "unmatched_response": 0
  },
  "run_id": "23867-1784272031114",
  "schema_version": 2,
  "throughput": {
    "attempted_qps": 200.0,
    "ok_qps": 200.0,
    "push_qps": 19800.0,
    "sent_qps": 200.0,
    "total_events_qps": 20000.0
  },
  "timestamp": "2026-07-17 15:08:39",
  "traffic": {
    "app_bytes_recv_measured": 1543298506,
    "app_bytes_recv_total": 1800512910,
    "app_bytes_sent_measured": 13724600,
    "app_bytes_sent_total": 16009200,
    "recv_mib_per_s": 24.53006912867228,
    "send_mib_per_s": 0.21814664204915366
  },
  "warmup": {
    "error": 0,
    "push_recv": 198000,
    "response_ok": 2000,
    "sent": 2000,
    "timeout": 0
  },
  "warnings": []
}
