{
  "config": {
    "allow_account_reuse": false,
    "allow_partial_ready": false,
    "clients_requested": 100,
    "credential_count": 100,
    "drain_ms": 15000,
    "duration_s": 60,
    "elapsed_s": 88.413212664,
    "fanout_settle_ms": 2000,
    "group_id": "G202810048768905217",
    "host": "127.0.0.1",
    "max_inflight_per_client": 64,
    "payload_bytes": 64,
    "port": 8080,
    "rate_per_client": 2.0,
    "request_timeout_ms": 10000,
    "target_qps": 200.0,
    "unique_account_count": 100,
    "warmup_s": 10
  },
  "connections": {
    "connect_fail": 0,
    "connect_ok": 100,
    "group_check_fail": 0,
    "group_check_ok": 100,
    "login_fail": 0,
    "login_ok": 100,
    "ready": 100,
    "recv_fail": 0,
    "worker_exceptions": 0
  },
  "fanout": {
    "other_push_recv": 0,
    "push_delivery_ratio": 1.0,
    "push_recv": 1188000,
    "push_vs_theoretical_ratio": 1.0,
    "server_reported_attempted": 1188000,
    "server_reported_closed": 0,
    "server_reported_dropped": 0,
    "server_reported_failed": 0,
    "server_reported_no_such_connection": 0,
    "server_reported_overloaded": 0,
    "server_reported_sent": 1188000,
    "target_coverage_ratio": 1.0,
    "theoretical_fanout": 1188000
  },
  "latency_ms": {
    "avg": 131.77393809299994,
    "max": 332.844797,
    "min": 12.334721,
    "p50": 130.59844650000002,
    "p90": 233.76431650000004,
    "p95": 250.18548199999998,
    "p99": 277.59067207,
    "p999": 314.97652236200025,
    "samples": 12000
  },
  "persistence_ms": {
    "queue_wait": {
      "avg": 120.68744700000005,
      "max": 311.9,
      "min": 0.015,
      "p50": 119.672,
      "p90": 218.1009,
      "p95": 233.47029999999998,
      "p99": 260.21094000000005,
      "p999": 295.09531200000026,
      "samples": 12000
    },
    "sql_transaction": {
      "avg": 2.5562764166666625,
      "max": 9.546,
      "min": 1.366,
      "p50": 2.469,
      "p90": 3.181,
      "p95": 3.4690499999999993,
      "p99": 4.46602,
      "p999": 6.997018000000003,
      "samples": 12000
    }
  },
  "process": {
    "load_generator": {
      "cpu_percent": 43.61666666666667,
      "pid": 22942,
      "rss_end_kb": 17112,
      "rss_peak_kb": 17112,
      "rss_start_kb": 16472
    },
    "server": {
      "cpu_percent": 0.0,
      "pid": 20542,
      "rss_end_kb": 0,
      "rss_peak_kb": 0,
      "rss_start_kb": 0,
      "sampled": false
    }
  },
  "quality_gate": {
    "all_clients_ready": true,
    "fanout_target_coverage_ge_99pct": true,
    "no_fanout_drop": true,
    "no_server_errors": true,
    "no_timeouts": true,
    "no_transport_errors": true,
    "push_delivery_ge_99pct": true,
    "request_success_ge_99_9pct": true
  },
  "requests": {
    "attempted": 12000,
    "error_codes": {},
    "error_total": 0,
    "inflight_throttled": 0,
    "late_response": 0,
    "parse_fail": 0,
    "peak_inflight": 1,
    "response_ok": 12000,
    "schedule_lag_events": 0,
    "send_fail": 0,
    "sent": 12000,
    "server_error_response": 0,
    "success_rate": 1.0,
    "timeout": 0,
    "transport_error_total": 0,
    "unmatched_response": 0
  },
  "run_id": "22942-1784271658808",
  "schema_version": 2,
  "throughput": {
    "attempted_qps": 200.0,
    "ok_qps": 200.0,
    "push_qps": 19800.0,
    "sent_qps": 200.0,
    "total_events_qps": 20000.0
  },
  "timestamp": "2026-07-17 15:02:27",
  "traffic": {
    "app_bytes_recv_measured": 401630746,
    "app_bytes_recv_total": 468567078,
    "app_bytes_sent_measured": 2204600,
    "app_bytes_sent_total": 2569200,
    "recv_mib_per_s": 6.383748785654704,
    "send_mib_per_s": 0.03504117329915365
  },
  "warmup": {
    "error": 0,
    "push_recv": 198000,
    "response_ok": 2000,
    "sent": 2000,
    "timeout": 0
  },
  "warnings": []
}
