{
  "config": {
    "allow_account_reuse": false,
    "allow_partial_ready": false,
    "clients_requested": 100,
    "credential_count": 100,
    "drain_ms": 20000,
    "duration_s": 60,
    "elapsed_s": 93.471633069,
    "fanout_settle_ms": 2000,
    "group_id": "G202810048768905217",
    "host": "127.0.0.1",
    "max_inflight_per_client": 128,
    "pacing_mode": "staggered",
    "payload_bytes": 64,
    "phase_spread_ms": 282.8571428571429,
    "port": 8080,
    "rate_per_client": 3.5,
    "request_timeout_ms": 15000,
    "target_qps": 350.0,
    "unique_account_count": 100,
    "warmup_s": 10
  },
  "connections": {
    "connect_fail": 0,
    "connect_ok": 100,
    "group_check_fail": 0,
    "group_check_ok": 100,
    "login_fail": 0,
    "login_ok": 100,
    "ready": 100,
    "recv_fail": 0,
    "worker_exceptions": 0
  },
  "fanout": {
    "other_push_recv": 0,
    "push_delivery_ratio": 1.0,
    "push_recv": 2079000,
    "push_vs_theoretical_ratio": 1.0,
    "server_reported_attempted": 2079000,
    "server_reported_closed": 0,
    "server_reported_dropped": 0,
    "server_reported_failed": 0,
    "server_reported_no_such_connection": 0,
    "server_reported_overloaded": 0,
    "server_reported_sent": 2079000,
    "target_coverage_ratio": 1.0,
    "theoretical_fanout": 2079000
  },
  "latency_ms": {
    "avg": 6.316919291904775,
    "max": 52.512158,
    "min": 2.012458,
    "p50": 3.7271655,
    "p90": 15.3357261,
    "p95": 22.88194029999999,
    "p99": 36.19386355999999,
    "p999": 50.52406133800003,
    "samples": 21000
  },
  "persistence_ms": {
    "queue_wait": {
      "avg": 2.6285080952380935,
      "max": 47.874,
      "min": 0.002,
      "p50": 0.036,
      "p90": 10.928200000000025,
      "p95": 18.464149999999997,
      "p99": 31.80848999999992,
      "p999": 45.927001,
      "samples": 21000
    },
    "sql_transaction": {
      "avg": 2.3010319523809444,
      "max": 16.443,
      "min": 1.322,
      "p50": 2.166,
      "p90": 2.771,
      "p95": 3.0760499999999995,
      "p99": 5.162,
      "p999": 12.191001000000002,
      "samples": 21000
    }
  },
  "process": {
    "load_generator": {
      "cpu_percent": 70.45,
      "pid": 25919,
      "rss_end_kb": 17244,
      "rss_peak_kb": 17244,
      "rss_start_kb": 16604
    },
    "server": {
      "cpu_percent": 47.43333333333333,
      "pid": 24956,
      "rss_end_kb": 16364,
      "rss_peak_kb": 16364,
      "rss_start_kb": 16364,
      "sampled": true
    }
  },
  "quality_gate": {
    "all_clients_ready": true,
    "fanout_target_coverage_ge_99pct": true,
    "no_fanout_drop": true,
    "no_server_errors": true,
    "no_timeouts": true,
    "no_transport_errors": true,
    "push_delivery_ge_99pct": true,
    "request_success_ge_99_9pct": true
  },
  "requests": {
    "attempted": 21000,
    "error_codes": {},
    "error_total": 0,
    "inflight_throttled": 0,
    "late_response": 0,
    "parse_fail": 0,
    "peak_inflight": 1,
    "response_ok": 21000,
    "schedule_lag_events": 0,
    "send_fail": 0,
    "sent": 21000,
    "server_error_response": 0,
    "success_rate": 1.0,
    "timeout": 0,
    "transport_error_total": 0,
    "unmatched_response": 0
  },
  "run_id": "25919-1784273722896",
  "schema_version": 3,
  "throughput": {
    "attempted_qps": 350.0,
    "ok_qps": 350.0,
    "push_qps": 34650.0,
    "sent_qps": 350.0,
    "total_events_qps": 35000.0
  },
  "timestamp": "2026-07-17 15:36:56",
  "traffic": {
    "app_bytes_recv_measured": 704886875,
    "app_bytes_recv_total": 822365318,
    "app_bytes_sent_measured": 3872600,
    "app_bytes_sent_total": 4511700,
    "recv_mib_per_s": 11.203875144322714,
    "send_mib_per_s": 0.0615533192952474
  },
  "warmup": {
    "error": 0,
    "push_recv": 346500,
    "response_ok": 3500,
    "sent": 3500,
    "timeout": 0
  },
  "warnings": []
}
