{
  "config": {
    "allow_account_reuse": false,
    "allow_partial_ready": false,
    "clients_requested": 100,
    "credential_count": 100,
    "drain_ms": 20000,
    "duration_s": 60,
    "elapsed_s": 93.445832507,
    "fanout_settle_ms": 2000,
    "group_id": "G202810048768905217",
    "host": "127.0.0.1",
    "max_inflight_per_client": 128,
    "pacing_mode": "staggered",
    "payload_bytes": 64,
    "phase_spread_ms": 247.5,
    "port": 8080,
    "rate_per_client": 4.0,
    "request_timeout_ms": 15000,
    "target_qps": 400.0,
    "unique_account_count": 100,
    "warmup_s": 10
  },
  "connections": {
    "connect_fail": 0,
    "connect_ok": 100,
    "group_check_fail": 0,
    "group_check_ok": 100,
    "login_fail": 0,
    "login_ok": 100,
    "ready": 100,
    "recv_fail": 0,
    "worker_exceptions": 0
  },
  "fanout": {
    "other_push_recv": 0,
    "push_delivery_ratio": 1.0,
    "push_recv": 2376000,
    "push_vs_theoretical_ratio": 1.0,
    "server_reported_attempted": 2376000,
    "server_reported_closed": 0,
    "server_reported_dropped": 0,
    "server_reported_failed": 0,
    "server_reported_no_such_connection": 0,
    "server_reported_overloaded": 0,
    "server_reported_sent": 2376000,
    "target_coverage_ratio": 1.0,
    "theoretical_fanout": 2376000
  },
  "latency_ms": {
    "avg": 14.490180216416647,
    "max": 174.481588,
    "min": 1.994219,
    "p50": 4.5363620000000004,
    "p90": 36.21960020000002,
    "p95": 61.29378664999989,
    "p99": 140.06401074999965,
    "p999": 170.64382368200003,
    "samples": 24000
  },
  "persistence_ms": {
    "queue_wait": {
      "avg": 10.84371966666666,
      "max": 170.835,
      "min": 0.001,
      "p50": 0.801,
      "p90": 32.14590000000004,
      "p95": 57.316449999999975,
      "p99": 136.38285999999988,
      "p999": 166.83410400000002,
      "samples": 24000
    },
    "sql_transaction": {
      "avg": 2.3029916249999913,
      "max": 15.701,
      "min": 1.326,
      "p50": 2.196,
      "p90": 2.764,
      "p95": 3.066,
      "p99": 4.652199999999968,
      "p999": 10.05620300000004,
      "samples": 24000
    }
  },
  "process": {
    "load_generator": {
      "cpu_percent": 79.23333333333333,
      "pid": 26322,
      "rss_end_kb": 17300,
      "rss_peak_kb": 17300,
      "rss_start_kb": 16532
    },
    "server": {
      "cpu_percent": 52.31666666666667,
      "pid": 24956,
      "rss_end_kb": 16492,
      "rss_peak_kb": 16492,
      "rss_start_kb": 16492,
      "sampled": true
    }
  },
  "quality_gate": {
    "all_clients_ready": true,
    "fanout_target_coverage_ge_99pct": true,
    "no_fanout_drop": true,
    "no_server_errors": true,
    "no_timeouts": true,
    "no_transport_errors": true,
    "push_delivery_ge_99pct": true,
    "request_success_ge_99_9pct": true
  },
  "requests": {
    "attempted": 24000,
    "error_codes": {},
    "error_total": 0,
    "inflight_throttled": 0,
    "late_response": 0,
    "parse_fail": 0,
    "peak_inflight": 1,
    "response_ok": 24000,
    "schedule_lag_events": 0,
    "send_fail": 0,
    "sent": 24000,
    "server_error_response": 0,
    "success_rate": 1.0,
    "timeout": 0,
    "transport_error_total": 0,
    "unmatched_response": 0
  },
  "run_id": "26322-1784273821379",
  "schema_version": 3,
  "throughput": {
    "attempted_qps": 400.0,
    "ok_qps": 400.0,
    "push_qps": 39600.0,
    "sent_qps": 400.0,
    "total_events_qps": 40000.0
  },
  "timestamp": "2026-07-17 15:38:34",
  "traffic": {
    "app_bytes_recv_measured": 805606912,
    "app_bytes_recv_total": 939866501,
    "app_bytes_sent_measured": 4428600,
    "app_bytes_sent_total": 5159200,
    "recv_mib_per_s": 12.804777018229167,
    "send_mib_per_s": 0.07039070129394531
  },
  "warmup": {
    "error": 0,
    "push_recv": 396000,
    "response_ok": 4000,
    "sent": 4000,
    "timeout": 0
  },
  "warnings": []
}
