{
  "config": {
    "allow_account_reuse": false,
    "allow_partial_ready": false,
    "clients_requested": 100,
    "credential_count": 100,
    "drain_ms": 20000,
    "duration_s": 60,
    "elapsed_s": 93.46910764,
    "fanout_settle_ms": 2000,
    "group_id": "G202810048768905217",
    "host": "127.0.0.1",
    "max_inflight_per_client": 128,
    "pacing_mode": "staggered",
    "payload_bytes": 64,
    "phase_spread_ms": 198.0,
    "port": 8080,
    "rate_per_client": 5.0,
    "request_timeout_ms": 15000,
    "target_qps": 500.0,
    "unique_account_count": 100,
    "warmup_s": 10
  },
  "connections": {
    "connect_fail": 0,
    "connect_ok": 100,
    "group_check_fail": 0,
    "group_check_ok": 100,
    "login_fail": 0,
    "login_ok": 100,
    "ready": 100,
    "recv_fail": 0,
    "worker_exceptions": 0
  },
  "fanout": {
    "other_push_recv": 0,
    "push_delivery_ratio": 1.0,
    "push_recv": 2278584,
    "push_vs_theoretical_ratio": 1.0,
    "server_reported_attempted": 2278584,
    "server_reported_closed": 0,
    "server_reported_dropped": 0,
    "server_reported_failed": 0,
    "server_reported_no_such_connection": 0,
    "server_reported_overloaded": 0,
    "server_reported_sent": 2278584,
    "target_coverage_ratio": 1.0,
    "theoretical_fanout": 2278584
  },
  "latency_ms": {
    "avg": 2690.049259725401,
    "max": 3083.111905,
    "min": 2290.720317,
    "p50": 2682.2015045,
    "p90": 2878.8062410000002,
    "p95": 2922.9912105000003,
    "p99": 3052.9789290500003,
    "p999": 3069.22875166,
    "samples": 23016
  },
  "persistence_ms": {
    "queue_wait": {
      "avg": 2685.906202511292,
      "max": 3078.441,
      "min": 2287.591,
      "p50": 2677.971,
      "p90": 2874.3175,
      "p95": 2918.26275,
      "p99": 3048.8634999999995,
      "p999": 3064.3566800000003,
      "samples": 23016
    },
    "sql_transaction": {
      "avg": 2.6146787452207025,
      "max": 23.63,
      "min": 1.367,
      "p50": 2.469,
      "p90": 3.212,
      "p95": 3.57125,
      "p99": 5.486249999999934,
      "p999": 12.458335000000181,
      "samples": 23016
    }
  },
  "process": {
    "load_generator": {
      "cpu_percent": 83.68333333333334,
      "pid": 27503,
      "rss_end_kb": 17428,
      "rss_peak_kb": 17428,
      "rss_start_kb": 16660
    },
    "server": {
      "cpu_percent": 57.4,
      "pid": 24956,
      "rss_end_kb": 17772,
      "rss_peak_kb": 17772,
      "rss_start_kb": 17772,
      "sampled": true
    }
  },
  "quality_gate": {
    "all_clients_ready": true,
    "fanout_target_coverage_ge_99pct": true,
    "no_fanout_drop": true,
    "no_server_errors": false,
    "no_timeouts": true,
    "no_transport_errors": true,
    "push_delivery_ge_99pct": true,
    "request_success_ge_99_9pct": false
  },
  "requests": {
    "attempted": 30000,
    "error_codes": {
      "31": 6984
    },
    "error_total": 6984,
    "inflight_throttled": 0,
    "late_response": 0,
    "parse_fail": 0,
    "peak_inflight": 15,
    "response_ok": 23016,
    "schedule_lag_events": 0,
    "send_fail": 0,
    "sent": 30000,
    "server_error_response": 6984,
    "success_rate": 0.7672,
    "timeout": 0,
    "transport_error_total": 0,
    "unmatched_response": 0
  },
  "run_id": "27503-1784274116777",
  "schema_version": 3,
  "throughput": {
    "attempted_qps": 500.0,
    "ok_qps": 383.6,
    "push_qps": 37976.4,
    "sent_qps": 500.0,
    "total_events_qps": 38360.0
  },
  "timestamp": "2026-07-17 15:43:30",
  "traffic": {
    "app_bytes_recv_measured": 774043610,
    "app_bytes_recv_total": 941885597,
    "app_bytes_sent_measured": 5540600,
    "app_bytes_sent_total": 6454200,
    "recv_mib_per_s": 12.303091843922934,
    "send_mib_per_s": 0.08806546529134114
  },
  "warmup": {
    "error": 0,
    "push_recv": 495000,
    "response_ok": 5000,
    "sent": 5000,
    "timeout": 0
  },
  "warnings": []
}
