{
  "config": {
    "clients": 500,
    "connect_rate": 100.0,
    "direct_ratio": 0.5,
    "drain_ms": 15000,
    "duration_s": 120,
    "elapsed_s": 154.994601149,
    "group_ratio": 0.5,
    "host": "127.0.0.1",
    "manifest": "tools/mixed_load_manifest_1000.json",
    "max_inflight_per_client": 64,
    "payload_bytes": 64,
    "port": 8080,
    "request_timeout_ms": 10000,
    "total_qps": 300.0,
    "warmup_s": 15
  },
  "connections": {
    "attempted": 500,
    "connect_fail": 0,
    "connect_ok": 500,
    "connect_timeout": 0,
    "login_error_codes": {},
    "login_fail": 0,
    "login_ok": 500,
    "login_timeout": 0,
    "parse_fail": 0,
    "ready_at_load_end": 500,
    "ready_at_load_start": 500,
    "ready_peak": 500,
    "setup_success_rate": 1.0,
    "socket_errors": 0,
    "survival_rate": 1.0,
    "unexpected_close": 0
  },
  "direct": {
    "delivered": 17842,
    "push_delivery_ratio": 1.0042035646228,
    "push_recv": 17917,
    "queued_offline": 0,
    "requests": {
      "aborted": 0,
      "attempted": 17842,
      "error_total": 0,
      "late_response": 0,
      "latency_ms": {
        "avg": 1546.9758434858197,
        "max": 2674.878382,
        "min": 310.615531,
        "p50": 1564.687494,
        "p90": 2275.8932263,
        "p95": 2371.75545115,
        "p99": 2568.0094682999998,
        "p999": 2650.040282162999,
        "samples": 17842
      },
      "ok": 17842,
      "ok_qps": 148.68333333333334,
      "queued": 17842,
      "queued_qps": 148.68333333333334,
      "server_error": 0,
      "success_rate": 1.0,
      "timeout": 0,
      "warmup": {
        "error": 0,
        "ok": 2252,
        "queued": 2252
      }
    },
    "server_push_failed": 0,
    "server_push_sent": 17842
  },
  "error_codes": {},
  "group": {
    "fanout_closed": 0,
    "fanout_dropped": 0,
    "fanout_overloaded": 0,
    "fanout_sent": 889742,
    "push_delivery_ratio": 1.0097477695781474,
    "push_recv": 898415,
    "requests": {
      "aborted": 0,
      "attempted": 18158,
      "error_total": 0,
      "late_response": 0,
      "latency_ms": {
        "avg": 3103.853728552701,
        "max": 5109.028793,
        "min": 687.69988,
        "p50": 3135.1119205,
        "p90": 4555.9881294,
        "p95": 4719.49974325,
        "p99": 4884.9436608900005,
        "p999": 5050.235587057,
        "samples": 18158
      },
      "ok": 18158,
      "ok_qps": 151.31666666666666,
      "queued": 18158,
      "queued_qps": 151.31666666666666,
      "server_error": 0,
      "success_rate": 1.0,
      "timeout": 0,
      "warmup": {
        "error": 0,
        "ok": 2249,
        "queued": 2249
      }
    }
  },
  "heartbeat": {
    "ping_recv": 1008,
    "pong_fail": 0,
    "pong_queued": 1008,
    "pong_sent": 1008
  },
  "interrupted": false,
  "passed": true,
  "process": {
    "load_generator": {
      "cpu_percent": 13.516599832958223,
      "fd_end": 7,
      "fd_peak": 507,
      "fd_start": 7,
      "rss_end_kb": 9592,
      "rss_peak_kb": 14252,
      "rss_start_kb": 9096,
      "sampled": true,
      "threads_end": 1,
      "threads_peak": 1,
      "threads_start": 1
    },
    "server": {
      "cpu_percent": 27.388050735516785,
      "fd_end": 38,
      "fd_peak": 538,
      "fd_start": 38,
      "rss_end_kb": 19196,
      "rss_peak_kb": 22376,
      "rss_start_kb": 15848,
      "sampled": true,
      "threads_end": 12,
      "threads_peak": 12,
      "threads_start": 12
    }
  },
  "run_id": "39922-1784285549707",
  "scheduler": {
    "lag_events": 12,
    "peak_inflight": 1121,
    "throttled": 0,
    "unmatched_response": 0
  },
  "timestamp": "2026-07-17 18:55:04",
  "traffic": {
    "bytes_recv": 346179863,
    "bytes_sent": 7052773,
    "recv_mib_per_s": 2.130028025187536,
    "send_mib_per_s": 0.043395372610930794
  }
}
