{
  "config": {
    "clients": 1000,
    "connect_rate": 100.0,
    "direct_ratio": 0.5,
    "drain_ms": 15000,
    "duration_s": 60,
    "elapsed_s": 94.993675771,
    "group_ratio": 0.5,
    "host": "127.0.0.1",
    "manifest": "tools/mixed_load_manifest_1000.json",
    "max_inflight_per_client": 64,
    "payload_bytes": 64,
    "port": 8080,
    "request_timeout_ms": 10000,
    "total_qps": 200.0,
    "warmup_s": 10
  },
  "connections": {
    "attempted": 1000,
    "connect_fail": 0,
    "connect_ok": 1000,
    "connect_timeout": 0,
    "login_error_codes": {},
    "login_fail": 0,
    "login_ok": 1000,
    "login_timeout": 0,
    "parse_fail": 0,
    "ready_at_load_end": 1000,
    "ready_at_load_start": 1000,
    "ready_peak": 1000,
    "setup_success_rate": 1.0,
    "socket_errors": 0,
    "survival_rate": 1.0,
    "unexpected_close": 0
  },
  "direct": {
    "delivered": 5995,
    "push_delivery_ratio": 1.0003336113427856,
    "push_recv": 5997,
    "queued_offline": 0,
    "requests": {
      "aborted": 0,
      "attempted": 5995,
      "error_total": 0,
      "late_response": 0,
      "latency_ms": {
        "avg": 9.471748322435365,
        "max": 78.760914,
        "min": 4.052469,
        "p50": 6.937834,
        "p90": 14.90425780000001,
        "p95": 25.475300600000015,
        "p99": 45.174007740000036,
        "p999": 63.01231137600058,
        "samples": 5995
      },
      "ok": 5995,
      "ok_qps": 99.91666666666667,
      "queued": 5995,
      "queued_qps": 99.91666666666667,
      "server_error": 0,
      "success_rate": 1.0,
      "timeout": 0,
      "warmup": {
        "error": 0,
        "ok": 1009,
        "queued": 1009
      }
    },
    "server_push_failed": 0,
    "server_push_sent": 5995
  },
  "error_codes": {},
  "group": {
    "fanout_closed": 0,
    "fanout_dropped": 0,
    "fanout_overloaded": 0,
    "fanout_sent": 294245,
    "push_delivery_ratio": 1.0003330557868444,
    "push_recv": 294343,
    "requests": {
      "aborted": 0,
      "attempted": 6005,
      "error_total": 0,
      "late_response": 0,
      "latency_ms": {
        "avg": 9.612912545711904,
        "max": 134.987734,
        "min": 2.454404,
        "p50": 4.719141,
        "p90": 19.49200740000001,
        "p95": 34.583840200000004,
        "p99": 73.47559004,
        "p999": 110.25056727200042,
        "samples": 6005
      },
      "ok": 6005,
      "ok_qps": 100.08333333333333,
      "queued": 6005,
      "queued_qps": 100.08333333333333,
      "server_error": 0,
      "success_rate": 1.0,
      "timeout": 0,
      "warmup": {
        "error": 0,
        "ok": 991,
        "queued": 991
      }
    }
  },
  "heartbeat": {
    "ping_recv": 1000,
    "pong_fail": 0,
    "pong_queued": 1000,
    "pong_sent": 1000
  },
  "interrupted": false,
  "passed": true,
  "process": {
    "load_generator": {
      "cpu_percent": 11.506029123821682,
      "fd_end": 7,
      "fd_peak": 1007,
      "fd_start": 7,
      "rss_end_kb": 9772,
      "rss_peak_kb": 9772,
      "rss_start_kb": 9096,
      "sampled": true,
      "threads_end": 1,
      "threads_peak": 1,
      "threads_start": 1
    },
    "server": {
      "cpu_percent": 0.0,
      "fd_end": 0,
      "fd_peak": 0,
      "fd_start": 0,
      "rss_end_kb": 0,
      "rss_peak_kb": 0,
      "rss_start_kb": 0,
      "sampled": false,
      "threads_end": 0,
      "threads_peak": 0,
      "threads_start": 0
    }
  },
  "run_id": "41617-1784288513834",
  "scheduler": {
    "lag_events": 2,
    "peak_inflight": 21,
    "throttled": 0,
    "unmatched_response": 0
  },
  "timestamp": "2026-07-17 19:43:28",
  "traffic": {
    "bytes_recv": 119131534,
    "bytes_sent": 2532916,
    "recv_mib_per_s": 1.1960026109923625,
    "send_mib_per_s": 0.025428818447215923
  }
}
